ACC,PRE,NPV,SE,SP,MCC,PPV,AUC,AUC-PR,CNN_layers,model,Max-length
0.806553911,0.79648411,0.817512877,0.826086956,0.786827195,0.613455331,0.81101549,0.882271871,"0.8575426044717886
",2,DBP-CNN,L=800
0.816420014,0.805536799,0.828297715,0.83660589,0.796033994,0.633236918,0.820777433,0.891304844,"0.873205710725167
",2,DBP-CNN,L=800
0.812191684,0.797072521,0.829213483,0.840112201,0.783994334,0.625195321,0.81802663,0.891102213,"0.8772496907730644
",2,DBP-CNN,L=800
0.821705426,0.839734121,0.805256064,0.797335203,0.84631728,0.644320988,0.817985611,0.899129481,"0.8809531681539745
",2,DBP-CNN,L=800
0.803665844,0.786657859,0.823129251,0.835789473,0.771246458,0.608409967,0.810479755,0.883982903,"0.8713247699007034
",2,DBP-CNN,L=800
0.813248767,0.778260869,0.85912052,0.878681626,0.747167138,0.631588756,0.825428195,0.88914593,"0.8643427773330292
",2,DBP-CNN,L=800
0.814305849,0.802286482,0.827535159,0.83660589,0.791784702,0.629105711,0.819086852,0.888708138,"0.8713916136268637
",2,DBP-CNN,L=800
0.800211416,0.744729344,0.890120036,0.916549789,0.682719546,0.61680286,0.821754165,0.889466266,"0.8749712723131862
",2,DBP-CNN,L=800
0.812896406,0.799732083,0.827509293,0.837307152,0.788243626,0.626395507,0.818088386,0.890622951,"0.8690905443337053
",2,DBP-CNN,L=800
0.808953119,0.818772563,0.799586776,0.795789473,0.82223796,0.618193365,0.807117437,0.887041897,"0.8681585112991341
",2,DBP-CNN,L=800
0.819591261,0.807951482,0.832348596,0.840813464,0.79815864,0.639635747,0.824054983,0.888632896,"0.8695010295096113
",2,DBP-CNN,L=800
0.813248767,0.77184466,0.870588235,0.892005609,0.733711048,0.634019688,0.827586207,0.885481189,"0.8569379490562982
",2,DBP-CNN,L=800
0.816772375,0.804845222,0.829881656,0.838709677,0.794617563,0.634026674,0.821428571,0.89050475,"0.8704082547123957
",2,DBP-CNN,L=800
0.815362932,0.811034482,0.819884726,0.824684431,0.805949008,0.630776309,0.817802503,0.898044561,"0.8819262039432358
",2,DBP-CNN,L=800
0.796616144,0.821212121,0.775214238,0.760701754,0.832861189,0.594992929,0.789799635,0.883092789,"0.8605576696247741
",2,DBP-CNN,L=800
0.816420014,0.779493514,0.865463494,0.884992987,0.747167138,0.63852651,0.828899836,0.890251461,"0.8635127621705638
",2,DBP-CNN,L=800
0.808315715,0.796769851,0.821005917,0.83029453,0.78611898,0.617094264,0.813186813,0.885003417,"0.8660084529820326
",2,DBP-CNN,L=800
0.818181818,0.794307891,0.846749225,0.86115007,0.774787535,0.63849223,0.826379542,0.891542737,"0.8798234289192463
",2,DBP-CNN,L=800
0.815362932,0.792857142,0.842064714,0.856241234,0.77407932,0.632617023,0.823331085,0.885570088,"0.8616465449023787
",2,DBP-CNN,L=800
0.80965809,0.81539558,0.80404463,0.802807017,0.816572237,0.619409733,0.809052334,0.890049202,"0.8697927419593086
",2,DBP-CNN,L=800
0.798449612,0.809420289,0.788065843,0.783309957,0.813739376,0.597267694,0.796151104,0.879199131,"0.8543540027806718
",2,DBP-CNN,L=800
0.798801973,0.802120141,0.795502459,0.795932678,0.801699716,0.597627498,0.799014431,0.881402743,"0.8612110831432658
",2,DBP-CNN,L=800
0.810782241,0.770212765,0.866722547,0.888499298,0.732294617,0.628812824,0.825138391,0.897951937,"0.8867155647359997
",2,DBP-CNN,L=800
0.807963354,0.856103475,0.770768269,0.742636746,0.873937676,0.621701765,0.795343597,0.892029946,"0.8741632817756908
",2,DBP-CNN,L=800
0.81036306,0.80992313,0.81081081,0.813333333,0.807365439,0.620716357,0.81162465,0.889424979,"0.8715121605370608
",2,DBP-CNN,L=800
0.815010571,0.757870635,0.90650779,0.928471248,0.700424929,0.646393884,0.834541443,0.896507197,"0.8774845773120219
",3,DBP-CNN,L=800
0.818181818,0.778799019,0.871475953,0.891304347,0.744334277,0.64291515,0.831262263,0.896951694,"0.8848180322874828
",3,DBP-CNN,L=800
0.826286117,0.806303348,0.849429657,0.86115007,0.791076487,0.653977432,0.832824686,0.901355691,"0.8861800569091403
",3,DBP-CNN,L=800
0.820295983,0.76231386,0.913003662,0.933380083,0.706090651,0.65714975,0.839218159,0.909593784,"0.8991302376232733
",3,DBP-CNN,L=800
0.827282341,0.78983261,0.876633986,0.894035087,0.759915014,0.660178687,0.838709677,0.899325083,"0.8840783506890333
",3,DBP-CNN,L=800
0.809020437,0.839477726,0.783203124,0.766479663,0.851983002,0.620568175,0.801319648,0.894816122,"0.8760326400621157
",3,DBP-CNN,L=800
0.81465821,0.812934631,0.816428571,0.819775595,0.809490084,0.62931444,0.816340782,0.88982385,"0.8732110402364089
",3,DBP-CNN,L=800
0.834038055,0.814351547,0.856709628,0.86746143,0.800283286,0.669400892,0.840067911,0.907857018,"0.893232408326402
",3,DBP-CNN,L=800
0.812896406,0.765894236,0.881385281,0.903927068,0.720963172,0.635986363,0.829205532,0.905755218,"0.8941224091507264
",3,DBP-CNN,L=800
0.80965809,0.852028639,0.775949367,0.751578947,0.868271954,0.623901221,0.798657718,0.899707768,"0.8891211846504992
",3,DBP-CNN,L=800
0.817829457,0.764090645,0.900626678,0.922159887,0.712464589,0.649496639,0.835716555,0.899707079,"0.8801426598524806
",3,DBP-CNN,L=800
0.813248767,0.79015544,0.840803709,0.855539971,0.770538243,0.628513945,0.821548821,0.892109409,"0.8804572172833283
",3,DBP-CNN,L=800
0.822762509,0.817618719,0.828158844,0.833099579,0.812322946,0.645600021,0.825286558,0.90390919,"0.8884741144880448
",3,DBP-CNN,L=800
0.806906272,0.837173578,0.781249999,0.764375876,0.849858356,0.616325347,0.799120234,0.904802157,"0.8912175812447558
",3,DBP-CNN,L=800
0.799436024,0.852553541,0.759704251,0.726315789,0.873229461,0.605868181,0.784388025,0.900067591,"0.8875521553639566
",3,DBP-CNN,L=800
0.807963354,0.755362318,0.88948787,0.91374474,0.701133144,0.629685732,0.827039035,0.901109604,"0.8818763174145366
",3,DBP-CNN,L=800
0.80620155,0.758559622,0.876748251,0.901122019,0.710339943,0.623270888,0.823717948,0.894515156,"0.8800347919816675
",3,DBP-CNN,L=800
0.830514447,0.819905213,0.84202792,0.849228611,0.81161473,0.661388014,0.834309335,0.904130693,"0.8884713192413327
",3,DBP-CNN,L=800
0.824171952,0.800778715,0.851966075,0.865357643,0.782577903,0.650335724,0.83181665,0.903420988,"0.8905823953412065
",3,DBP-CNN,L=800
0.81318294,0.776747062,0.861475409,0.881403508,0.744334277,0.631949299,0.825772518,0.896280503,"0.8851403590071008
",3,DBP-CNN,L=800
0.820295983,0.798955613,0.845329249,0.85834502,0.781869688,0.642246562,0.827586207,0.896930339,"0.8722131646463166
",3,DBP-CNN,L=800
0.817124736,0.794289422,0.844255975,0.85834502,0.77549575,0.636188736,0.825075834,0.893539249,"0.8762060378691179
",3,DBP-CNN,L=800
0.819591261,0.820476858,0.818696883,0.820476858,0.818696883,0.639173742,0.820476858,0.898993897,"0.888924889447591
",3,DBP-CNN,L=800
0.811486963,0.857831325,0.775266792,0.748948106,0.874645892,0.628328089,0.799700486,0.908303998,"0.8956961811158577
",3,DBP-CNN,L=800
0.824109975,0.844494047,0.805760214,0.796491228,0.851983002,0.649363637,0.819790538,0.903822872,"0.890875550346176
",3,DBP-CNN,L=800
0.787878788,0.874545454,0.733026467,0.674614305,0.902266288,0.592027408,0.761678543,0.898757494,"0.878950133136486
",4,DBP-CNN,L=800
0.820648344,0.813826146,0.82788671,0.833800841,0.807365439,0.64143951,0.823692414,0.898657669,"0.8884474300516245
",4,DBP-CNN,L=800
0.823819591,0.797940797,0.855140186,0.869565217,0.777620396,0.650126617,0.832214765,0.898637803,"0.880767864895592
",4,DBP-CNN,L=800
0.800916138,0.751901696,0.875110717,0.901122019,0.699716713,0.613786074,0.819776714,0.900239234,"0.8902275330147205
",4,DBP-CNN,L=800
0.826224885,0.796060991,0.86381631,0.879298245,0.772662889,0.655907276,0.83561187,0.899555191,"0.8915111464153804
",4,DBP-CNN,L=800
0.802677942,0.846955128,0.767924528,0.741234221,0.864730878,0.610406105,0.790575916,0.898989427,"0.8786245834226593
",4,DBP-CNN,L=800
0.809372798,0.828020756,0.792478173,0.783309957,0.83569405,0.619751018,0.805045045,0.894458041,"0.8846830685394195
",4,DBP-CNN,L=800
0.805496829,0.851286173,0.769761606,0.742636746,0.868980169,0.616314309,0.793258427,0.900354704,"0.8863040655088847
",4,DBP-CNN,L=800
0.815715292,0.781659388,0.859919028,0.878681626,0.752124645,0.636169545,0.827335754,0.901340543,"0.8911571083442299
",4,DBP-CNN,L=800
0.827282341,0.815665091,0.839970501,0.847719298,0.806657223,0.655005755,0.831383345,0.895828736,"0.8830157878758538
",4,DBP-CNN,L=800
0.816067653,0.837313432,0.79706275,0.786816269,0.845609065,0.633400008,0.811279826,0.900625872,"0.8841433135530918
",4,DBP-CNN,L=800
0.798097252,0.737869492,0.901435406,0.927769985,0.66713881,0.616707474,0.821994408,0.890981032,"0.8791852928244639
",4,DBP-CNN,L=800
0.819591261,0.786700125,0.861736334,0.879382889,0.759206798,0.64349424,0.830463576,0.897838702,"0.8839954100159921
",4,DBP-CNN,L=800
0.826990839,0.835125447,0.819126819,0.816970546,0.837110481,0.654166642,0.825948245,0.906976467,"0.9002152792777672
",4,DBP-CNN,L=800
0.804018329,0.887600356,0.749417249,0.698245614,0.910764872,0.622856647,0.781618224,0.907724517,"0.8963388096200815
",4,DBP-CNN,L=800
0.821353066,0.847842543,0.79828609,0.785413744,0.857648725,0.644593729,0.81543502,0.902732142,"0.8893636845999764
",4,DBP-CNN,L=800
0.813953488,0.810511756,0.817528735,0.821879382,0.805949008,0.627934433,0.816155989,0.895583438,"0.8851555546089318
",4,DBP-CNN,L=800
0.82311487,0.80235602,0.847328244,0.859747545,0.78611898,0.647772583,0.830060934,0.901859537,"0.8839894411662641
",4,DBP-CNN,L=800
0.826286117,0.839272727,0.814080656,0.809256661,0.843484419,0.653047161,0.823991431,0.907257568,"0.898023509888648
",4,DBP-CNN,L=800
0.829397251,0.819850441,0.839677891,0.846315789,0.812322946,0.659083384,0.832872928,0.901860246,"0.8890001115915349
",4,DBP-CNN,L=800
0.822057787,0.798444588,0.85019305,0.863955119,0.779745042,0.646164184,0.82990906,0.900055724,"0.882516599830795
",4,DBP-CNN,L=800
0.819943622,0.80398671,0.837959489,0.848527349,0.791076487,0.640773948,0.825656772,0.891273059,"0.8747564366415139
",4,DBP-CNN,L=800
0.829809725,0.802437459,0.863174354,0.877279102,0.781869688,0.66237242,0.838190954,0.906961568,"0.8948893082482444
",4,DBP-CNN,L=800
0.802677942,0.849193548,0.766583229,0.738429172,0.867563739,0.610865257,0.789947487,0.901560557,"0.8935059989960219
",4,DBP-CNN,L=800
0.821290095,0.820083681,0.822523164,0.825263157,0.817280453,0.642575228,0.822665267,0.901635108,"0.8916515892700176
",4,DBP-CNN,L=800
0.810782241,0.84808144,0.780269058,0.75946704,0.862606232,0.625204008,0.801331853,0.899052501,"0.8868489619786221
",5,DBP-CNN,L=800
0.815010571,0.825741142,0.804810996,0.800841514,0.829320113,0.630356853,0.813100747,0.895352995,"0.8846569195580698
",5,DBP-CNN,L=800
0.810782241,0.862857142,0.771233725,0.741234221,0.881019829,0.628144579,0.79743493,0.901680745,"0.8886413108562787
",5,DBP-CNN,L=800
0.818181818,0.849462365,0.791666666,0.775596072,0.861189801,0.638953763,0.81085044,0.905370815,"0.8971196892239083
",5,DBP-CNN,L=800
0.784984138,0.881911902,0.726553672,0.660350877,0.910764872,0.58949493,0.755216693,0.901300383,"0.8924559393848998
",5,DBP-CNN,L=800
0.81888654,0.808108108,0.830633284,0.838709677,0.798866855,0.638158697,0.82312457,0.896416311,"0.8840659926984104
",5,DBP-CNN,L=800
0.81465821,0.82051282,0.80892608,0.807854137,0.821529744,0.629411391,0.814134275,0.897428473,"0.8882746632331844
",5,DBP-CNN,L=800
0.812544045,0.844375962,0.785714285,0.76858345,0.856940509,0.627802953,0.804698972,0.900231536,"0.8859369019714403
",5,DBP-CNN,L=800
0.825933756,0.821823204,0.830215827,0.834502103,0.817280453,0.651910782,0.828114126,0.90338076,"0.8939318913676315
",5,DBP-CNN,L=800
0.810715545,0.845794392,0.781712813,0.762105263,0.85977337,0.624686581,0.801771871,0.900484071,"0.8880864032205916
",5,DBP-CNN,L=800
0.807963354,0.846032992,0.776996805,0.755259467,0.861189801,0.619730799,0.79807336,0.897453802,"0.8830300098826185
",5,DBP-CNN,L=800
0.791402396,0.865789473,0.741460541,0.692145862,0.891643059,0.595403923,0.769290725,0.895982741,"0.8806699860352077
",5,DBP-CNN,L=800
0.817124736,0.778050275,0.869925434,0.889901823,0.743626062,0.640711075,0.830225711,0.893731947,"0.8776949943134374
",5,DBP-CNN,L=800
0.791754757,0.879200726,0.736327,0.678821879,0.905807365,0.59987958,0.766125841,0.902295591,"0.891818623596765
",5,DBP-CNN,L=800
0.81529785,0.853888452,0.783887468,0.762807017,0.868271954,0.63441861,0.80578206,0.902565479,"0.8880545890046632
",5,DBP-CNN,L=800
0.783298097,0.859167404,0.733177296,0.680224403,0.887393767,0.57984965,0.759295499,0.896606526,"0.881541067550432
",5,DBP-CNN,L=800
0.805144468,0.836545874,0.77871512,0.760869565,0.849858356,0.612990268,0.796915167,0.891922174,"0.8785124034631717
",5,DBP-CNN,L=800
0.803030303,0.756965026,0.870547349,0.895511921,0.709631728,0.616226525,0.820430453,0.89577564,"0.8841418613392935
",5,DBP-CNN,L=800
0.825581395,0.825296995,0.825870646,0.828190743,0.822946175,0.65115228,0.826741337,0.90397127,"0.8974391748533193
",5,DBP-CNN,L=800
0.748325696,0.904436859,0.678243105,0.557894736,0.940509914,0.538897398,0.690104166,0.895708464,"0.8839934663044882
",5,DBP-CNN,L=800
0.824876674,0.824598183,0.825159914,0.82748948,0.82223796,0.649742769,0.826041302,0.902966061,"0.8942037565295653
",5,DBP-CNN,L=800
0.811486963,0.800810263,0.823139277,0.831697054,0.791076487,0.623361264,0.815961472,0.896580204,"0.8875076544499583
",5,DBP-CNN,L=800
0.822762509,0.816312542,0.829586656,0.835203365,0.8101983,0.645650385,0.825649913,0.900621898,"0.8872397995523683
",5,DBP-CNN,L=800
0.830866808,0.862174578,0.804177545,0.789621318,0.872521246,0.66424401,0.824304538,0.911927021,"0.905040255061006
",5,DBP-CNN,L=800
0.82516743,0.818805765,0.831884057,0.837192982,0.813031161,0.650456942,0.827897293,0.899793748,"0.8891269523190456
",5,DBP-CNN,L=800
0.794221283,0.814179104,0.776368491,0.765077138,0.82365439,0.589638864,0.788864786,0.880665971,"0.8580633762587232
",2,DBP-CNN,L=600
0.804087385,0.774274905,0.841853034,0.86115007,0.746458923,0.611853641,0.815405046,0.879391332,"0.8563143043242902
",2,DBP-CNN,L=600
0.812191684,0.799463447,0.826280623,0.835904628,0.788243626,0.624945653,0.817278025,0.887141472,"0.866850050400332
",2,DBP-CNN,L=600
0.822057787,0.81010101,0.835181078,0.843618513,0.800283286,0.644591575,0.826520096,0.892857356,"0.8689576477211686
",2,DBP-CNN,L=600
0.808600634,0.792440318,0.826937546,0.838596491,0.778328611,0.618150268,0.814865325,0.88812733,"0.8667887803400982
",2,DBP-CNN,L=600
0.803382664,0.794436906,0.813049853,0.82117812,0.785410764,0.607037657,0.807586207,0.882056824,"0.8576778846614276
",2,DBP-CNN,L=600
0.804792107,0.772841051,0.845967741,0.866058905,0.742917846,0.613873089,0.816798942,0.877880042,"0.8537713821278407
",2,DBP-CNN,L=600
0.813953488,0.812674094,0.815263908,0.818373071,0.809490084,0.627900579,0.815513627,0.88891499,"0.8676509112072607
",2,DBP-CNN,L=600
0.822410148,0.822377622,0.822443181,0.824684431,0.820113314,0.644809275,0.823529411,0.893936813,"0.8670749372094675
",2,DBP-CNN,L=600
0.803665844,0.775031685,0.839555202,0.858245613,0.748583569,0.610695718,0.814518814,0.883371105,"0.8605749155242373
",2,DBP-CNN,L=600
0.813248767,0.810679611,0.815902578,0.819775595,0.806657223,0.626507501,0.815202231,0.887985768,"0.8590339668917987
",2,DBP-CNN,L=600
0.801973221,0.779069767,0.829457364,0.8457223,0.757790368,0.606014714,0.811028917,0.88321351,"0.8650172486581962
",2,DBP-CNN,L=600
0.804792107,0.810099573,0.799581005,0.798737727,0.810906515,0.609662411,0.804378531,0.885696236,"0.87287183154073
",2,DBP-CNN,L=600
0.812544045,0.820200572,0.805131761,0.802945301,0.82223796,0.625257794,0.811481219,0.893935075,"0.8717768201146865
",2,DBP-CNN,L=600
0.808600634,0.797169811,0.821138211,0.830175438,0.786827195,0.617654984,0.813337917,0.884784056,"0.8658181838464725
",2,DBP-CNN,L=600
0.791754757,0.736009044,0.884003741,0.913043478,0.669263456,0.600864165,0.815023474,0.878704473,"0.8563597686014053
",2,DBP-CNN,L=600
0.799506695,0.773103887,0.8321513,0.850631135,0.747875354,0.60187138,0.810016694,0.876673196,"0.8531549481354013
",2,DBP-CNN,L=600
0.80620155,0.773408239,0.848705501,0.868863955,0.742917846,0.616926143,0.818361955,0.886494344,"0.8681985042232215
",2,DBP-CNN,L=600
0.803030303,0.81435823,0.792323509,0.787517531,0.818696883,0.606448033,0.800713012,0.885435994,"0.8625585002764022
",2,DBP-CNN,L=600
0.802608389,0.796030116,0.809593023,0.81614035,0.788951841,0.605357608,0.805959806,0.883812932,"0.8659521596820432
",2,DBP-CNN,L=600
0.800916138,0.797101449,0.804895608,0.809957924,0.791784702,0.601869829,0.803478261,0.88134985,"0.8505728497165952
",2,DBP-CNN,L=600
0.813248767,0.781053952,0.854501607,0.873071528,0.752832861,0.630711515,0.824503311,0.883514973,"0.8601600386210488
",2,DBP-CNN,L=600
0.81888654,0.792307692,0.851330203,0.866760168,0.770538243,0.64046031,0.827863362,0.88785962,"0.8644555475234126
",2,DBP-CNN,L=600
0.813248767,0.793577981,0.836128048,0.849228611,0.776912181,0.627920881,0.820460704,0.893236544,"0.8725634194518336
",2,DBP-CNN,L=600
0.808600634,0.789750328,0.83041825,0.843508771,0.773371104,0.618522042,0.815744825,0.88579345,"0.8644628755747272
",2,DBP-CNN,L=600
0.819238901,0.777507598,0.876781223,0.896914445,0.740793201,0.645945033,0.832953435,0.89653352,"0.88408787008127
",3,DBP-CNN,L=600
0.80584919,0.74427694,0.911174784,0.934782608,0.675637393,0.632535251,0.828722412,0.899905737,"0.8897557271182226
",3,DBP-CNN,L=600
0.828047921,0.80613577,0.853751914,0.866058905,0.789660056,0.657800021,0.835023664,0.906222064,"0.8923738438515353
",3,DBP-CNN,L=600
0.807610994,0.865448504,0.76499388,0.730715287,0.885269121,0.623171469,0.792395437,0.905604734,"0.8923502816548765
",3,DBP-CNN,L=600
0.806485724,0.842723004,0.776779987,0.755789473,0.857648725,0.616463137,0.796892342,0.89816361,"0.8865672548894186
",3,DBP-CNN,L=600
0.828047921,0.798726114,0.864353312,0.879382889,0.776203965,0.659322498,0.837116155,0.900234019,"0.8804212068349742
",3,DBP-CNN,L=600
0.813953488,0.830147058,0.799052773,0.791725105,0.836402266,0.628663373,0.810480976,0.895693197,"0.8806645695417069
",3,DBP-CNN,L=600
0.824876674,0.78032589,0.887383572,0.906732117,0.742209631,0.658258724,0.838793383,0.907058413,"0.8942301709653194
",3,DBP-CNN,L=600
0.806906272,0.746629213,0.908317579,0.931977559,0.6805949,0.633405375,0.829070493,0.904442089,"0.8922954789816755
",3,DBP-CNN,L=600
0.82375749,0.778446718,0.887755101,0.90736842,0.73937677,0.65640142,0.837977965,0.900684857,"0.8865323356621797
",3,DBP-CNN,L=600
0.821000705,0.786159601,0.866288492,0.884291724,0.757082152,0.646887289,0.832343234,0.896199774,"0.8728997335699544
",3,DBP-CNN,L=600
0.807610994,0.767314702,0.863255033,0.885694249,0.728753541,0.62245657,0.822265625,0.889741407,"0.8748810467163891
",3,DBP-CNN,L=600
0.81888654,0.759977195,0.914206641,0.934782608,0.701841359,0.655134788,0.83836478,0.902134678,"0.8858862847271101
",3,DBP-CNN,L=600
0.829809725,0.792675356,0.878565606,0.895511921,0.76345609,0.665076179,0.840961475,0.909964281,"0.8980780178660299
",3,DBP-CNN,L=600
0.817765245,0.760022909,0.910174151,0.93122807,0.70325779,0.652097048,0.836959949,0.901024303,"0.8877135089726726
",3,DBP-CNN,L=600
0.813601128,0.802835921,0.825350036,0.833800841,0.793201133,0.627593687,0.818025456,0.896202258,"0.8792868352355712
",3,DBP-CNN,L=600
0.816067653,0.782853566,0.858870967,0.877279102,0.754249291,0.636606052,0.827380952,0.892485865,"0.8775462110208128
",3,DBP-CNN,L=600
0.822762509,0.781918142,0.878434637,0.897615708,0.747167138,0.652521376,0.835781913,0.90541303,"0.8923001403730612
",3,DBP-CNN,L=600
0.836856942,0.821214142,0.854368931,0.863253856,0.8101983,0.674516775,0.841709401,0.91108645,"0.8972982256500126
",3,DBP-CNN,L=600
0.828692281,0.799617102,0.864566928,0.879298245,0.777620396,0.660541348,0.837566845,0.900361314,"0.8816838933669128
",3,DBP-CNN,L=600
0.820648344,0.817740817,0.823655913,0.82748948,0.813739376,0.641312789,0.822586267,0.89930281,"0.8833823946816767
",3,DBP-CNN,L=600
0.799859056,0.739932885,0.901904761,0.927769985,0.670679886,0.619764196,0.82327318,0.89438131,"0.8798094228454739
",3,DBP-CNN,L=600
0.829809725,0.797101449,0.871302957,0.887096774,0.771954674,0.663711453,0.839694656,0.90471574,"0.8902008305162207
",3,DBP-CNN,L=600
0.82769556,0.808833223,0.849356547,0.860448807,0.794617563,0.656626214,0.833843017,0.902883618,"0.8872405783466427
",3,DBP-CNN,L=600
0.8258724,0.787878787,0.876229507,0.894035087,0.757082152,0.657580688,0.837606837,0.899592963,"0.886131011615933
",3,DBP-CNN,L=600
0.807610994,0.813837375,0.801532033,0.800140252,0.815155807,0.615332733,0.806930693,0.895052028,"0.8812019974098494
",4,DBP-CNN,L=600
0.81465821,0.802419354,0.828148148,0.837307152,0.791784702,0.629829247,0.819492107,0.892158577,"0.8820923995758064
",4,DBP-CNN,L=600
0.820648344,0.785669781,0.866180048,0.884291724,0.756373937,0.646233552,0.832068624,0.896094486,"0.8849361361792611
",4,DBP-CNN,L=600
0.81888654,0.857927786,0.787084398,0.766479663,0.871813031,0.641643644,0.809629629,0.906932266,"0.8967717694177093
",4,DBP-CNN,L=600
0.805075784,0.843307086,0.774090619,0.751578947,0.859065155,0.614011619,0.794805195,0.892266289,"0.8767739200669715
",4,DBP-CNN,L=600
0.816420014,0.766019988,0.89182058,0.91374474,0.718130311,0.644727108,0.833386632,0.899238743,"0.8857142025690881
",4,DBP-CNN,L=600
0.810782241,0.827560795,0.795408507,0.787517531,0.83427762,0.622381951,0.807042759,0.893747343,"0.8837843066313309
",4,DBP-CNN,L=600
0.822410148,0.847662141,0.80026455,0.788218793,0.856940509,0.646541517,0.816860465,0.904565754,"0.8879595208283805
",4,DBP-CNN,L=600
0.832276251,0.842712842,0.822314049,0.819074333,0.845609065,0.664855123,0.830725462,0.90569413,"0.8988073197451942
",4,DBP-CNN,L=600
0.811773,0.846692606,0.782860824,0.763508771,0.860481586,0.626765723,0.802952029,0.895182148,"0.8777179379364969
",4,DBP-CNN,L=600
0.815010571,0.771222155,0.876805437,0.89831697,0.730878186,0.638541951,0.829931973,0.896882164,"0.882529812486875
",4,DBP-CNN,L=600
0.816420014,0.823908374,0.809160305,0.807152875,0.825779036,0.633000293,0.815444562,0.893500759,"0.8836639796321831
",4,DBP-CNN,L=600
0.817829457,0.807302231,0.829286239,0.837307152,0.79815864,0.636026884,0.822030981,0.901733886,"0.8924557476643076
",4,DBP-CNN,L=600
0.825933756,0.830028328,0.821879382,0.821879382,0.830028328,0.651907712,0.825933756,0.905041539,"0.8950180757601276
",4,DBP-CNN,L=600
0.8258724,0.826666666,0.825070821,0.826666666,0.825070821,0.651737488,0.826666666,0.899649123,"0.8854434414555798
",4,DBP-CNN,L=600
0.807610994,0.843749999,0.77792041,0.757363253,0.85835694,0.618688149,0.798226164,0.895189599,"0.8818539001729649
",4,DBP-CNN,L=600
0.815715292,0.795291039,0.839572192,0.852734922,0.778328611,0.632960532,0.823011844,0.8931469,"0.8818357907049705
",4,DBP-CNN,L=600
0.815715292,0.767001774,0.887532693,0.909537166,0.720963172,0.642405016,0.832210459,0.901406597,"0.8870780569117089
",4,DBP-CNN,L=600
0.822410148,0.833574529,0.811813186,0.807854137,0.837110481,0.645176133,0.82051282,0.904195257,"0.8941752719947836
",4,DBP-CNN,L=600
0.82023264,0.786116322,0.864297253,0.882105263,0.757790368,0.645133169,0.831349206,0.901611749,"0.8896013117154025
",4,DBP-CNN,L=600
0.825229035,0.812080536,0.839762611,0.848527349,0.801699716,0.651034606,0.829903978,0.902015732,"0.8875021427476493
",4,DBP-CNN,L=600
0.816067653,0.839339339,0.795484727,0.78401122,0.848441926,0.633637498,0.810732414,0.896333868,"0.8885733526485249
",4,DBP-CNN,L=600
0.807258633,0.849642004,0.773561037,0.748948106,0.866147308,0.619135958,0.796123742,0.895767693,"0.8866490398717339
",4,DBP-CNN,L=600
0.816067653,0.841906202,0.79353562,0.780504908,0.851983002,0.633963147,0.810043668,0.905512855,"0.8961707755221748
",4,DBP-CNN,L=600
0.81811773,0.806060606,0.831360946,0.839999999,0.796033994,0.636727396,0.822680412,0.899174991,"0.8868069887276139
",4,DBP-CNN,L=600
0.81888654,0.831877729,0.806693989,0.801542776,0.836402266,0.638258304,0.816428571,0.898849374,"0.8892834584022746
",5,DBP-CNN,L=600
0.80584919,0.862468931,0.763948497,0.730014025,0.88243626,0.619394489,0.790733004,0.896274768,"0.8885312049368042
",5,DBP-CNN,L=600
0.822410148,0.796272493,0.854134165,0.868863955,0.77549575,0.647376122,0.830985915,0.895963371,"0.879908237959729
",5,DBP-CNN,L=600
0.789992953,0.881433823,0.733142857,0.672510518,0.908640226,0.597630066,0.762927605,0.900929322,"0.8932982098187452
",5,DBP-CNN,L=600
0.822700035,0.813179347,0.832967032,0.839999999,0.805240793,0.645693428,0.826372109,0.899014959,"0.8895473969406649
",5,DBP-CNN,L=600
0.82311487,0.817307692,0.829232995,0.834502103,0.81161473,0.646328727,0.825815406,0.894646766,"0.8784242227879376
",5,DBP-CNN,L=600
0.813953488,0.823953823,0.804407713,0.800841514,0.827195467,0.628199239,0.812233286,0.896119318,"0.881915022994778
",5,DBP-CNN,L=600
0.813248767,0.843032159,0.787859007,0.772089761,0.854815863,0.628895239,0.806002928,0.90035371,"0.8838845866746309
",5,DBP-CNN,L=600
0.805144468,0.852300241,0.768605378,0.740532959,0.8703966,0.615897392,0.792495309,0.899092233,"0.8889994912429859
",5,DBP-CNN,L=600
0.72541417,0.895833332,0.65660564,0.512982456,0.939801699,0.500135596,0.652387327,0.888811689,"0.8729439434961761
",5,DBP-CNN,L=600
0.810077519,0.831217326,0.791194129,0.780504908,0.839943342,0.621429078,0.805063291,0.896769426,"0.8816135066482871
",5,DBP-CNN,L=600
0.756871036,0.904395603,0.687240664,0.57713885,0.938385268,0.552270555,0.704623287,0.895982244,"0.8871408160090131
",5,DBP-CNN,L=600
0.819943622,0.788643533,0.85953711,0.876577839,0.762747875,0.643737954,0.83028894,0.895795009,"0.8813966956341808
",5,DBP-CNN,L=600
0.812544045,0.873121869,0.768292682,0.733520336,0.892351274,0.633595423,0.797256097,0.907274454,"0.9009838278009211
",5,DBP-CNN,L=600
0.756785337,0.888888888,0.690803382,0.589473684,0.925637393,0.546448452,0.708860759,0.892380597,"0.8778788768409487
",5,DBP-CNN,L=600
0.810782241,0.825641025,0.797012898,0.79032258,0.831444759,0.622210474,0.807595843,0.893126537,"0.875778356864389
",5,DBP-CNN,L=600
0.806553911,0.856214459,0.768512756,0.739130434,0.874645892,0.619227564,0.793375988,0.897563809,"0.8916669122902917
",5,DBP-CNN,L=600
0.780831572,0.871534195,0.724943052,0.661290322,0.901558073,0.579418901,0.75199362,0.898728192,"0.8901213843680159
",5,DBP-CNN,L=600
0.821705426,0.845864661,0.800397877,0.788920056,0.854815863,0.644997993,0.81640058,0.90532264,"0.8977731321826027
",5,DBP-CNN,L=600
0.82164258,0.829863603,0.813711911,0.81122807,0.832152974,0.643478273,0.820440028,0.894628001,"0.8823662425153906
",5,DBP-CNN,L=600
0.795983087,0.844029244,0.759178593,0.7286115,0.864022662,0.597897627,0.782085058,0.889878481,"0.8699820570387906
",5,DBP-CNN,L=600
0.807963354,0.780394653,0.842146803,0.859747545,0.755665722,0.618967101,0.818151485,0.888267862,"0.8789238694266809
",5,DBP-CNN,L=600
0.820648344,0.797148412,0.848648648,0.862552594,0.778328611,0.643334438,0.828561805,0.901559564,"0.8821838248914058
",5,DBP-CNN,L=600
0.823819591,0.826977401,0.820675105,0.82117812,0.826487252,0.64765894,0.824067558,0.904038814,"0.8981989296403273
",5,DBP-CNN,L=600
0.775819528,0.897280966,0.710412147,0.625263157,0.927762039,0.579715106,0.736972704,0.901545649,"0.8911409999421649
",5,DBP-CNN,L=600
