ACC,PRE,NPV,SE,SP,MCC,PPV,AUC,AUC-PR,model,dropout
0.829457364,0.811096433,0.850453172,0.86115007,0.797450424,0.660073403,0.835374149,0.902156034,"0.8767589184529786
",DBP-CNN(Hybrid),0.3
0.81465821,0.778121137,0.863114753,0.8828892,0.745750708,0.634906664,0.827201051,0.899334347,"0.885489786518318
",DBP-CNN(Hybrid),0.3
0.832628612,0.808966861,0.860662047,0.873071528,0.791784702,0.667238303,0.839797639,0.910707758,"0.8961021835758857
",DBP-CNN(Hybrid),0.3
0.803030303,0.733692722,0.933875889,0.954417952,0.650141643,0.635283409,0.829625114,0.908960066,"0.8986508126339434
",DBP-CNN(Hybrid),0.3
0.830454706,0.814666666,0.848167539,0.857543859,0.803116147,0.661746214,0.835555555,0.904065404,"0.8869847741066397
",DBP-CNN(Hybrid),0.3
0.815010571,0.805010155,0.825863335,0.833800841,0.796033994,0.63035395,0.8191526,0.90366782,"0.8884573630936097
",DBP-CNN(Hybrid),0.3
0.817477097,0.786616161,0.856459329,0.87377279,0.760623229,0.638721013,0.827906976,0.895700646,"0.8822878545677866
",DBP-CNN(Hybrid),0.3
0.826990839,0.790192427,0.875305623,0.892706872,0.760623229,0.659386009,0.838327296,0.905843124,"0.8878771102656675
",DBP-CNN(Hybrid),0.3
0.829105004,0.774985388,0.911268855,0.929873772,0.72733711,0.671575579,0.845393688,0.91075494,"0.8985230383825276
",DBP-CNN(Hybrid),0.3
0.831512161,0.797611565,0.874799357,0.890526315,0.771954674,0.66742749,0.841511936,0.902885045,"0.8893879818450243
",DBP-CNN(Hybrid),0.3
0.795630726,0.729392624,0.918511065,0.943197755,0.646600566,0.618168675,0.822629969,0.901258597,"0.8828699111085215
",DBP-CNN(Hybrid),0.3
0.819238901,0.787287602,0.85988791,0.877279102,0.760623229,0.642522193,0.829850746,0.900517851,"0.8872444971907641
",DBP-CNN(Hybrid),0.3
0.821705426,0.826704545,0.816783216,0.816269284,0.827195467,0.643476257,0.821453775,0.900391455,"0.8838754767520149
",DBP-CNN(Hybrid),0.3
0.836856942,0.810045074,0.8692607,0.882187938,0.791076487,0.676278354,0.844578717,0.912830418,"0.9030991593683926
",DBP-CNN(Hybrid),0.3
0.82164258,0.806129247,0.839071856,0.849122806,0.793909348,0.644115717,0.827067669,0.901866706,"0.8945458940002142
",DBP-CNN(Hybrid),0.3
0.822057787,0.780964002,0.878231859,0.897615708,0.745750708,0.651233046,0.835236541,0.898905494,"0.880483647289878
",DBP-CNN(Hybrid),0.3
0.80584919,0.753036437,0.888187556,0.913043478,0.697592067,0.625742889,0.825356577,0.897170218,"0.8792937160950893
",DBP-CNN(Hybrid),0.3
0.831571529,0.782479141,0.902586206,0.920757363,0.741501416,0.673565544,0.846005154,0.913078243,"0.8976293324842045
",DBP-CNN(Hybrid),0.3
0.844256519,0.81824062,0.875386996,0.887096774,0.800991501,0.690852395,0.8512786,0.916607897,"0.904598033003019
",DBP-CNN(Hybrid),0.3
0.831512161,0.809679529,0.857033638,0.868771929,0.793909348,0.664694166,0.838185511,0.903481437,"0.8875549396135438
",DBP-CNN(Hybrid),0.3
0.821705426,0.78083028,0.877499999,0.896914445,0.745750708,0.65045056,0.834856397,0.896709828,"0.874405726112539
",DBP-CNN(Hybrid),0.3
0.814305849,0.785759694,0.849802371,0.866760168,0.761331444,0.631815799,0.824274758,0.894311035,"0.8813843765930633
",DBP-CNN(Hybrid),0.3
0.831571529,0.782142857,0.903281519,0.921458625,0.740793201,0.673738485,0.846104314,0.911235195,"0.8958598187191127
",DBP-CNN(Hybrid),0.3
0.831219168,0.797237915,0.874698794,0.890603085,0.771246458,0.666874056,0.841338191,0.91202039,"0.8986550298282829
",DBP-CNN(Hybrid),0.3
0.833979556,0.839260312,0.828791055,0.828070175,0.839943342,0.668032443,0.833627693,0.908359922,0.890439247,DBP-CNN(Hybrid),0.3
0.822057787,0.786915887,0.867802108,0.885694249,0.757790368,0.649077006,0.83338832,0.899633079,"0.8792594631104012
",DBP-CNN(Hybrid),0.4
0.804087385,0.751154734,0.886980108,0.912342215,0.694759206,0.622424751,0.823939202,0.898708823,"0.8838888076620038
",DBP-CNN(Hybrid),0.4
0.819591261,0.832605531,0.807377049,0.802244039,0.837110481,0.639668474,0.817142857,0.903525283,"0.8911761151795534
",DBP-CNN(Hybrid),0.4
0.839323467,0.806186868,0.881180223,0.895511921,0.782577903,0.6827127,0.848504983,0.915249574,"0.9008137462976945
",DBP-CNN(Hybrid),0.4
0.807895664,0.840030911,0.780946208,0.762807017,0.853399433,0.618587187,0.799558661,0.901233537,"0.8883613520430592
",DBP-CNN(Hybrid),0.4
0.788231149,0.721893491,0.91419816,0.941093968,0.633852691,0.604746865,0.817047184,0.892696939,"0.8739853689460599
",DBP-CNN(Hybrid),0.4
0.825581395,0.78681454,0.877366254,0.895511921,0.754957507,0.65728936,0.837651689,0.905049486,"0.8900672668432745
",DBP-CNN(Hybrid),0.4
0.818181818,0.76546091,0.898576512,0.9200561,0.71529745,0.64953717,0.83566879,0.899937274,"0.8909384545016346
",DBP-CNN(Hybrid),0.4
0.819591261,0.795984455,0.847758887,0.861851332,0.776912181,0.641248594,0.827609427,0.899194542,"0.88409796837381
",DBP-CNN(Hybrid),0.4
0.82446246,0.82165163,0.827363896,0.830877192,0.817988668,0.64894069,0.82623866,0.901147557,"0.8898414358315362
",DBP-CNN(Hybrid),0.4
0.824524313,0.812668463,0.837518463,0.8457223,0.803116147,0.649512337,0.828865979,0.901463711,"0.8820335946252331
",DBP-CNN(Hybrid),0.4
0.821000705,0.783333333,0.871100163,0.889901823,0.75141643,0.647842688,0.8332239,0.902793726,"0.8934100506730203
",DBP-CNN(Hybrid),0.4
0.800211416,0.737686773,0.909796313,0.934782608,0.664305949,0.622815951,0.824621095,0.902350222,"0.8904411172540343
",DBP-CNN(Hybrid),0.4
0.808315715,0.768248175,0.863484086,0.885694249,0.730169971,0.623747784,0.822801303,0.899022206,"0.8798754539408007
",DBP-CNN(Hybrid),0.4
0.82164258,0.769185705,0.900884955,0.921403508,0.720963172,0.656072456,0.83844189,0.898651657,"0.8853947699833215
",DBP-CNN(Hybrid),0.4
0.815715292,0.789237668,0.84808144,0.863955119,0.766997167,0.634127707,0.824907934,0.897564554,"0.8777264913307975
",DBP-CNN(Hybrid),0.4
0.82311487,0.788389513,0.868122977,0.885694249,0.759915014,0.651038052,0.834214002,0.905984668,"0.8948801344039139
",DBP-CNN(Hybrid),0.4
0.791754757,0.723860589,0.921891058,0.946704067,0.635269121,0.61303356,0.820419325,0.90201449,"0.890528446932721
",DBP-CNN(Hybrid),0.4
0.832980973,0.79787234,0.878225806,0.894109396,0.771246458,0.670705495,0.843253968,0.90998812,"0.894839979097042
",DBP-CNN(Hybrid),0.4
0.81459288,0.817667844,0.811533051,0.811929824,0.817280453,0.629205587,0.814788732,0.90071567,"0.887332764609416
",DBP-CNN(Hybrid),0.4
0.824876674,0.797565663,0.85826155,0.873071528,0.776203965,0.652543132,0.83361232,0.899030152,"0.8772354165022158
",DBP-CNN(Hybrid),0.4
0.792459479,0.730071467,0.903827281,0.931276297,0.652266288,0.608199733,0.818489984,0.886869808,"0.8645636964825787
",DBP-CNN(Hybrid),0.4
0.811839323,0.760514018,0.889875665,0.913043478,0.709631728,0.636381592,0.829827916,0.899058958,"0.8897559778420449
",DBP-CNN(Hybrid),0.4
0.825581395,0.808074123,0.845516201,0.856241234,0.794617563,0.652223132,0.831460674,0.90675248,"0.894667963357395
",DBP-CNN(Hybrid),0.4
0.82234755,0.785139318,0.871522094,0.889824561,0.754249291,0.650337179,0.834210526,0.902773719,0.888991737,DBP-CNN(Hybrid),0.4
0.822057787,0.83935151,0.806212018,0.798737727,0.845609065,0.644954874,0.818541142,0.904279686,"0.8849954131070273
",DBP-CNN(Hybrid),0.2
0.818181818,0.813793103,0.82276657,0.82748948,0.808781869,0.636415496,0.820584144,0.896330392,"0.881155056899447
",DBP-CNN(Hybrid),0.2
0.825933756,0.802990897,0.853076922,0.866058905,0.785410764,0.653764703,0.833333333,0.898909964,"0.8859576140070237
",DBP-CNN(Hybrid),0.2
0.826638478,0.801679586,0.856589147,0.870266479,0.782577903,0.655550948,0.83456624,0.904947674,"0.8858666469159454
",DBP-CNN(Hybrid),0.2
0.837856891,0.83161512,0.844428364,0.849122806,0.826487252,0.675826737,0.840277777,0.90522638,"0.893093819675722
",DBP-CNN(Hybrid),0.2
0.805144468,0.745915493,0.904045154,0.928471248,0.6805949,0.629181237,0.827241487,0.893386779,"0.8748822908602885
",DBP-CNN(Hybrid),0.2
0.811839323,0.769649334,0.870777026,0.892706872,0.730169971,0.631590652,0.826623376,0.893495544,"0.8785327381664018
",DBP-CNN(Hybrid),0.2
0.821353066,0.774328358,0.889079965,0.909537166,0.732294617,0.652530879,0.836504353,0.904825996,"0.8904472358711109
",DBP-CNN(Hybrid),0.2
0.78893587,0.713254254,0.952169076,0.969845722,0.606232294,0.619141142,0.821991084,0.905871433,"0.8888708938663704
",DBP-CNN(Hybrid),0.2
0.825519915,0.793931731,0.865338645,0.881403508,0.769121812,0.654883253,0.835384103,0.901281248,"0.8867503337133512
",DBP-CNN(Hybrid),0.2
0.81465821,0.797225891,0.834592144,0.846423562,0.782577903,0.630408178,0.821088435,0.894770431,"0.8735659199160664
",DBP-CNN(Hybrid),0.2
0.816772375,0.809426229,0.824599708,0.830995792,0.802407931,0.633714755,0.820069204,0.894371625,"0.8800810474894223
",DBP-CNN(Hybrid),0.2
0.816067653,0.775946275,0.870833333,0.891304347,0.740084985,0.639038142,0.829634464,0.901590852,"0.8885031700397449
",DBP-CNN(Hybrid),0.2
0.830866808,0.859422492,0.806176084,0.793127629,0.868980169,0.663850894,0.824945295,0.909072804,"0.8949225306166217
",DBP-CNN(Hybrid),0.2
0.82446246,0.794659885,0.861550632,0.877192982,0.771246458,0.652313408,0.833889259,0.898063715,"0.8863475011179065
",DBP-CNN(Hybrid),0.2
0.825933756,0.784493284,0.882499999,0.901122019,0.749999999,0.659009874,0.838772846,0.897615212,"0.8773255424538278
",DBP-CNN(Hybrid),0.2
0.806553911,0.755387303,0.884924174,0.909537166,0.702549575,0.626040068,0.825326121,0.89592662,"0.8808770593596003
",DBP-CNN(Hybrid),0.2
0.825229035,0.81762295,0.833333333,0.839410939,0.810906515,0.650636791,0.828373702,0.905796439,"0.8914725113427675
",DBP-CNN(Hybrid),0.2
0.82346723,0.860483242,0.792926045,0.774193548,0.873229461,0.650409262,0.815060908,0.909453234,"0.8962319854373417
",DBP-CNN(Hybrid),0.2
0.82657737,0.784277879,0.884615384,0.903157894,0.749291784,0.660620311,0.839530332,0.90026937,"0.8885212731769738
",DBP-CNN(Hybrid),0.2
0.820295983,0.799738219,0.844274809,0.856942496,0.783286118,0.642118034,0.827352742,0.893722014,"0.8744162923256904
",DBP-CNN(Hybrid),0.2
0.804439746,0.747583854,0.897126969,0.922159887,0.685552407,0.625938252,0.825745683,0.893562591,"0.876029070291278
",DBP-CNN(Hybrid),0.2
0.833333333,0.795779019,0.882640586,0.899018232,0.766997167,0.672188891,0.844254198,0.908441072,"0.8888822789112969
",DBP-CNN(Hybrid),0.2
0.808315715,0.751138952,0.901109056,0.924964936,0.690509915,0.633594702,0.82903834,0.901772872,"0.8891022367143963
",DBP-CNN(Hybrid),0.2
0.825519915,0.781818181,0.886267902,0.905263157,0.745042492,0.659135916,0.83902439,0.90353561,"0.8878037099015017
",DBP-CNN(Hybrid),0.2
0.814305849,0.803511141,0.826086956,0.834502103,0.793909348,0.629004495,0.81871345,0.890521636,"0.8702536500261665
",DBP-CNN(Hybrid),0.1
0.807258633,0.755671902,0.886505808,0.910939691,0.702549575,0.627669605,0.826073132,0.891698187,"0.8782930616335267
",DBP-CNN(Hybrid),0.1
0.817829457,0.798032786,0.840822543,0.853436185,0.781869688,0.63707813,0.824805151,0.896126271,"0.8752058381348866
",DBP-CNN(Hybrid),0.1
0.803735025,0.743417367,0.905982905,0.930575034,0.675637393,0.627434871,0.82653379,0.902209671,"0.89178087627595
",DBP-CNN(Hybrid),0.1
0.815650335,0.768772348,0.883520275,0.905263157,0.725212464,0.641291352,0.831453432,0.897035933,"0.8795082503970427
",DBP-CNN(Hybrid),0.1
0.81465821,0.806539509,0.823357664,0.83029453,0.798866855,0.629529172,0.818244644,0.893232819,"0.8759377580462179
",DBP-CNN(Hybrid),0.1
0.818181818,0.793170103,0.848367029,0.863253856,0.772662889,0.638720758,0.826729348,0.892574765,"0.8764799312825307
",DBP-CNN(Hybrid),0.1
0.821705426,0.805851063,0.839580209,0.849929873,0.793201133,0.644280114,0.827303754,0.897549406,"0.8768412022983
",DBP-CNN(Hybrid),0.1
0.81888654,0.800791556,0.839636913,0.851332398,0.78611898,0.638938191,0.825288919,0.89982379,"0.8839828442069254
",DBP-CNN(Hybrid),0.1
0.826224885,0.798335467,0.860392156,0.875087719,0.776912181,0.655355129,0.834951456,0.891875155,"0.8678972569398435
",DBP-CNN(Hybrid),0.1
0.821353066,0.812797821,0.830533235,0.837307152,0.805240793,0.642939383,0.824870466,0.896032902,"0.8774783787477133
",DBP-CNN(Hybrid),0.1
0.813953488,0.80296896,0.825958701,0.834502103,0.793201133,0.628315152,0.818431912,0.890411381,"0.8762134465317266
",DBP-CNN(Hybrid),0.1
0.831219168,0.820582261,0.842762674,0.849929873,0.812322946,0.662798653,0.834998277,0.903043041,"0.8877019772286144
",DBP-CNN(Hybrid),0.1
0.82311487,0.801960784,0.847859327,0.860448807,0.785410764,0.647836816,0.830175913,0.900635308,"0.8862750131939515
",DBP-CNN(Hybrid),0.1
0.81811773,0.811942347,0.824637681,0.830175438,0.805949008,0.636352197,0.820957668,0.89554545,"0.8789076252334019
",DBP-CNN(Hybrid),0.1
0.810077519,0.784112748,0.841816757,0.85834502,0.761331444,0.622795138,0.819551389,0.889768226,"0.8697558895984613
",DBP-CNN(Hybrid),0.1
0.808315715,0.80413793,0.812680115,0.817671809,0.798866855,0.61667834,0.8108484,0.891365435,"0.8755518615917569
",DBP-CNN(Hybrid),0.1
0.812191684,0.764044943,0.883173495,0.906030855,0.717422096,0.635224564,0.829002245,0.892910745,"0.8745675406424885
",DBP-CNN(Hybrid),0.1
0.830514447,0.805035506,0.86113266,0.874474053,0.78611898,0.663374744,0.838319327,0.900843899,"0.8814705914764724
",DBP-CNN(Hybrid),0.1
0.821995065,0.780146163,0.879497907,0.898947368,0.744334277,0.651411486,0.835343984,0.894153372,"0.8759906915075779
",DBP-CNN(Hybrid),0.1
0.817829457,0.786389413,0.857713828,0.875175315,0.759915014,0.63958091,0.828410222,0.884464557,"0.860478468992056
",DBP-CNN(Hybrid),0.1
0.813248767,0.79946524,0.828614008,0.838709677,0.78753541,0.627161498,0.818617385,0.8889284,"0.8739627946227211
",DBP-CNN(Hybrid),0.1
0.820648344,0.833940276,0.808191126,0.802945301,0.838526912,0.641801724,0.818149339,0.901919134,"0.8892004861625271
",DBP-CNN(Hybrid),0.1
0.825229035,0.81849315,0.832365747,0.838008415,0.812322946,0.650595076,0.828135828,0.902048262,"0.8840827288399528
",DBP-CNN(Hybrid),0.1
0.81670779,0.821149751,0.812324929,0.811929824,0.821529744,0.633467126,0.816513761,0.894904329,"0.8752806249612941
",DBP-CNN(Hybrid),0.1
0.811134602,0.812061711,0.8101983,0.812061711,0.8101983,0.622260011,0.812061711,0.889510467,"0.8734917038013369
",DBP-CNN,0.1
0.804792107,0.785714285,0.826981707,0.840813464,0.768413597,0.610959065,0.812330623,0.890415602,"0.8751357167241174
",DBP-CNN,0.1
0.809020437,0.792715231,0.82756024,0.839410939,0.778328611,0.619006214,0.815395095,0.89238455,"0.8751417226807021
",DBP-CNN,0.1
0.814305849,0.830271858,0.799593771,0.792426367,0.836402266,0.629346918,0.810907786,0.900838436,"0.8859497745762064
",DBP-CNN,0.1
0.802255904,0.820950965,0.78537894,0.775438596,0.829320113,0.605543798,0.797546012,0.890145619,"0.8764320723745496
",DBP-CNN,0.1
0.808668076,0.771358328,0.858794384,0.880084151,0.736543909,0.623353708,0.822142155,0.885229887,"0.8622325414137098
",DBP-CNN,0.1
0.805144468,0.782159017,0.832687838,0.848527349,0.761331444,0.612347746,0.8139926,0.886236834,"0.8698425720200077
",DBP-CNN,0.1
0.825933756,0.804177545,0.851454823,0.863955119,0.78753541,0.653558169,0.832995267,0.896091506,"0.8837606102422764
",DBP-CNN,0.1
0.810782241,0.845914396,0.781712813,0.762272089,0.85977337,0.624830103,0.801918111,0.902574705,"0.8883371170409421
",DBP-CNN,0.1
0.797321114,0.83255086,0.768441308,0.746666666,0.848441926,0.598043146,0.7872734,0.886887332,"0.8669057849314635
",DBP-CNN,0.1
0.817829457,0.81850035,0.817150956,0.819074333,0.816572237,0.635648939,0.818787241,0.888313554,"0.8633719717244516
",DBP-CNN,0.1
0.820295983,0.786967418,0.863123993,0.880785413,0.759206798,0.645022047,0.831237591,0.891699925,"0.8801858917633761
",DBP-CNN,0.1
0.830866808,0.817024128,0.846210995,0.854838709,0.806657223,0.662364958,0.835503769,0.905912157,"0.8909429553273098
",DBP-CNN,0.1
0.82346723,0.805684071,0.843773584,0.854838709,0.791784702,0.648038985,0.829533855,0.902170437,"0.8882546586658291
",DBP-CNN,0.1
0.799436024,0.744292237,0.888479262,0.915087719,0.682719546,0.615040975,0.82090022,0.889595448,"0.8766380459216516
",DBP-CNN,0.1
0.815715292,0.822730521,0.808895065,0.807152875,0.824362606,0.631570532,0.814867256,0.892746604,"0.8692660311121146
",DBP-CNN,0.1
0.817124736,0.779076923,0.86809563,0.887798036,0.745750708,0.640324417,0.829891838,0.894003115,"0.878734379917479
",DBP-CNN,0.1
0.814305849,0.768038163,0.88113695,0.903225806,0.724504249,0.638362539,0.830164357,0.893124302,"0.8765717366374658
",DBP-CNN,0.1
0.818534179,0.780999383,0.868529169,0.887798036,0.748583569,0.642921476,0.830981293,0.89647864,"0.8771170878320054
",DBP-CNN,0.1
0.814240395,0.838612367,0.792852415,0.780350877,0.848441926,0.630127377,0.808433297,0.898618607,"0.8869361811069489
",DBP-CNN,0.1
0.804439746,0.790915163,0.819537658,0.83029453,0.778328611,0.609537296,0.810126582,0.883743429,"0.866677625616532
",DBP-CNN,0.1
0.809372798,0.815845824,0.803061934,0.801542776,0.817280453,0.618865493,0.808631057,0.886633901,"0.8659951354309848
",DBP-CNN,0.1
0.817829457,0.779692307,0.868920032,0.888499298,0.746458923,0.641748969,0.830547361,0.900308019,"0.8892965074224013
",DBP-CNN,0.1
0.827343199,0.823204419,0.831654676,0.835904628,0.818696883,0.654730291,0.829505915,0.90443613,"0.8844766360351544
",DBP-CNN,0.1
0.804723299,0.751298326,0.888586956,0.91368421,0.694759206,0.623966336,0.824572514,0.892159932,"0.8814380580588274
",DBP-CNN,0.1
0.813953488,0.761960326,0.893238433,0.915848527,0.711048158,0.640891513,0.831847133,0.899511401,"0.8829500984694247
",DBP-CNN,0.3
0.774136716,0.701799486,0.931690928,0.957223001,0.589235127,0.588367221,0.809848709,0.895635586,"0.881106504216568
",DBP-CNN,0.3
0.824171952,0.839063642,0.810333106,0.804347826,0.844192634,0.648968464,0.821339062,0.903199981,"0.8896627775865219
",DBP-CNN,0.3
0.818534179,0.790682833,0.852871754,0.868863955,0.767705382,0.640052434,0.827931841,0.901981712,"0.886337661631251
",DBP-CNN,0.3
0.806838209,0.755685131,0.885026737,0.909473684,0.70325779,0.626565502,0.825477707,0.897855971,"0.8849459212650409
",DBP-CNN,0.3
0.81042988,0.8091922,0.811697574,0.81486676,0.805949008,0.620852771,0.812019566,0.891901811,"0.8708473413485263
",DBP-CNN,0.3
0.799859056,0.759371221,0.856418918,0.880785413,0.718130311,0.607294326,0.815584415,0.890132763,"0.8763083002409848
",DBP-CNN,0.3
0.812544045,0.778678304,0.856564019,0.875876577,0.748583569,0.629828163,0.824422442,0.898271279,"0.8888764586435182
",DBP-CNN,0.3
0.817477097,0.776155717,0.874371859,0.894810659,0.73937677,0.642305544,0.831270358,0.907511353,"0.8977131493341428
",DBP-CNN,0.3
0.836094466,0.817880794,0.856819894,0.866666666,0.805240793,0.673302626,0.841567291,0.90574872,"0.8906186441694038
",DBP-CNN,0.3
0.797744891,0.732279171,0.917330676,0.941795231,0.652266288,0.621215111,0.82392638,0.894584686,"0.8707562788280787
",DBP-CNN,0.3
0.812191684,0.776128633,0.859950859,0.880084151,0.743626062,0.629864491,0.824843904,0.893462269,"0.8785074588049173
",DBP-CNN,0.3
0.817124736,0.765982404,0.894086495,0.915848527,0.717422096,0.646530931,0.834238262,0.905658124,"0.8951863591971161
",DBP-CNN,0.3
0.821353066,0.762721555,0.915518824,0.93548387,0.706090651,0.659652748,0.84031496,0.911032564,"0.8975912622429951
",DBP-CNN,0.3
0.823405005,0.80235602,0.847975553,0.860350877,0.78611898,0.648397841,0.830342025,0.902152478,"0.8918557215248595
",DBP-CNN,0.3
0.814305849,0.822684852,0.806228373,0.803646563,0.825070821,0.628815298,0.813054274,0.891673355,"0.8719924939249791
",DBP-CNN,0.3
0.818534179,0.799868334,0.840030325,0.85203366,0.784702549,0.638315477,0.825127334,0.899174179,"0.884743388765469
",DBP-CNN,0.3
0.800916138,0.732075471,0.930824007,0.952314165,0.648016997,0.630840087,0.827796403,0.907604722,"0.8961592017819394
",DBP-CNN,0.3
0.786821705,0.715712033,0.931550801,0.955119214,0.616855524,0.608455414,0.818263743,0.899333106,"0.883400113169739
",DBP-CNN,0.3
0.81952767,0.792815907,0.852112675,0.86736842,0.771246458,0.641763968,0.82841823,0.895060882,"0.8824666025281416
",DBP-CNN,0.3
0.822762509,0.806237558,0.841472576,0.85203366,0.793201133,0.64647128,0.828503239,0.900692919,"0.8832088502716015
",DBP-CNN,0.3
0.800211416,0.7466973,0.885141294,0.911640953,0.687677053,0.615363509,0.820966214,0.892629147,"0.8788118947477365
",DBP-CNN,0.3
0.818181818,0.763921113,0.902154398,0.923562412,0.711756373,0.6505154,0.836190476,0.905238211,"0.887616168896378
",DBP-CNN,0.3
0.794926004,0.727615965,0.921747967,0.946002804,0.642351274,0.618106722,0.822560975,0.901341785,"0.8859632961034842
",DBP-CNN,0.3
0.82446246,0.806750496,0.84464555,0.855438596,0.793201133,0.650016427,0.830381471,0.897855971,"0.8819926527331644
",DBP-CNN,0.3
0.822057787,0.83935151,0.806212018,0.798737727,0.845609065,0.644954874,0.818541142,0.904279686,"0.8849954131070273
",DBP-CNN,0.2
0.818181818,0.813793103,0.82276657,0.82748948,0.808781869,0.636415496,0.820584144,0.896330392,"0.881155056899447
",DBP-CNN,0.2
0.825933756,0.802990897,0.853076922,0.866058905,0.785410764,0.653764703,0.833333333,0.898909964,"0.8859576140070237
",DBP-CNN,0.2
0.826638478,0.801679586,0.856589147,0.870266479,0.782577903,0.655550948,0.83456624,0.904947674,"0.8858666469159454
",DBP-CNN,0.2
0.837856891,0.83161512,0.844428364,0.849122806,0.826487252,0.675826737,0.840277777,0.90522638,"0.893093819675722
",DBP-CNN,0.2
0.805144468,0.745915493,0.904045154,0.928471248,0.6805949,0.629181237,0.827241487,0.893386779,"0.8748822908602885
",DBP-CNN,0.2
0.811839323,0.769649334,0.870777026,0.892706872,0.730169971,0.631590652,0.826623376,0.893495544,"0.8785327381664018
",DBP-CNN,0.2
0.821353066,0.774328358,0.889079965,0.909537166,0.732294617,0.652530879,0.836504353,0.904825996,"0.8904472358711109
",DBP-CNN,0.2
0.78893587,0.713254254,0.952169076,0.969845722,0.606232294,0.619141142,0.821991084,0.905871433,"0.8888708938663704
",DBP-CNN,0.2
0.825519915,0.793931731,0.865338645,0.881403508,0.769121812,0.654883253,0.835384103,0.901281248,"0.8867503337133512
",DBP-CNN,0.2
0.81465821,0.797225891,0.834592144,0.846423562,0.782577903,0.630408178,0.821088435,0.894770431,"0.8735659199160664
",DBP-CNN,0.2
0.816772375,0.809426229,0.824599708,0.830995792,0.802407931,0.633714755,0.820069204,0.894371625,"0.8800810474894223
",DBP-CNN,0.2
0.816067653,0.775946275,0.870833333,0.891304347,0.740084985,0.639038142,0.829634464,0.901590852,"0.8885031700397449
",DBP-CNN,0.2
0.830866808,0.859422492,0.806176084,0.793127629,0.868980169,0.663850894,0.824945295,0.909072804,"0.8949225306166217
",DBP-CNN,0.2
0.82446246,0.794659885,0.861550632,0.877192982,0.771246458,0.652313408,0.833889259,0.898063715,"0.8863475011179065
",DBP-CNN,0.2
0.825933756,0.784493284,0.882499999,0.901122019,0.749999999,0.659009874,0.838772846,0.897615212,"0.8773255424538278
",DBP-CNN,0.2
0.806553911,0.755387303,0.884924174,0.909537166,0.702549575,0.626040068,0.825326121,0.89592662,"0.8808770593596003
",DBP-CNN,0.2
0.825229035,0.81762295,0.833333333,0.839410939,0.810906515,0.650636791,0.828373702,0.905796439,"0.8914725113427675
",DBP-CNN,0.2
0.82346723,0.860483242,0.792926045,0.774193548,0.873229461,0.650409262,0.815060908,0.909453234,"0.8962319854373417
",DBP-CNN,0.2
0.82657737,0.784277879,0.884615384,0.903157894,0.749291784,0.660620311,0.839530332,0.90026937,"0.8885212731769738
",DBP-CNN,0.2
0.820295983,0.799738219,0.844274809,0.856942496,0.783286118,0.642118034,0.827352742,0.893722014,"0.8744162923256904
",DBP-CNN,0.2
0.804439746,0.747583854,0.897126969,0.922159887,0.685552407,0.625938252,0.825745683,0.893562591,"0.876029070291278
",DBP-CNN,0.2
0.833333333,0.795779019,0.882640586,0.899018232,0.766997167,0.672188891,0.844254198,0.908441072,"0.8888822789112969
",DBP-CNN,0.2
0.808315715,0.751138952,0.901109056,0.924964936,0.690509915,0.633594702,0.82903834,0.901772872,"0.8891022367143963
",DBP-CNN,0.2
0.825519915,0.781818181,0.886267902,0.905263157,0.745042492,0.659135916,0.83902439,0.90353561,"0.8878037099015017
",DBP-CNN,0.2
0.813953488,0.800535475,0.828869047,0.838709677,0.788951841,0.628532417,0.819178082,0.893186631,"0.8702896234208648
",DBP-CNN,0.4
0.809725159,0.778266331,0.849919742,0.868863955,0.749999999,0.623507593,0.821073558,0.890381582,"0.8724279073418284
",DBP-CNN,0.4
0.813601128,0.787315823,0.845732184,0.861851332,0.764872521,0.629877994,0.82289923,0.892817127,"0.8842615515985828
",DBP-CNN,0.4
0.829809725,0.818796484,0.841795437,0.849228611,0.8101983,0.66000916,0.833734939,0.911000779,"0.9045684074850375
",DBP-CNN,0.4
0.82446246,0.809619238,0.841044775,0.850526315,0.79815864,0.649673732,0.829568788,0.89921326,"0.8857531065273819
",DBP-CNN,0.4
0.821353066,0.808182427,0.835931699,0.845021037,0.797450424,0.643292271,0.826191292,0.895820834,"0.871908547480666
",DBP-CNN,0.4
0.80584919,0.814070351,0.797923875,0.795231416,0.816572237,0.611898933,0.804540617,0.888294681,"0.8753428851456798
",DBP-CNN,0.4
0.826638478,0.808047493,0.847957639,0.859046283,0.793909348,0.654478606,0.832766825,0.904550854,"0.8921798108434246
",DBP-CNN,0.4
0.815715292,0.791102514,0.845376845,0.860448807,0.770538243,0.633727256,0.824319785,0.901061429,"0.8873033783243165
",DBP-CNN,0.4
0.794501234,0.734149054,0.898941289,0.926315789,0.661473087,0.610019231,0.819112628,0.89219174,"0.8782569880943752
",DBP-CNN,0.4
0.794926004,0.744495944,0.873201438,0.901122019,0.687677053,0.603075159,0.81535533,0.884916504,"0.8649053638053905
",DBP-CNN,0.4
0.812191684,0.774431468,0.862923203,0.883590462,0.740084985,0.630477963,0.825417622,0.898343789,"0.8873843215728101
",DBP-CNN,0.4
0.813953488,0.770156438,0.875850339,0.897615708,0.729461756,0.636471753,0.829015544,0.900458502,"0.8908097602218643
",DBP-CNN,0.4
0.838971106,0.808795411,0.876280535,0.889901823,0.78753541,0.681245884,0.847412354,0.911333531,"0.9003018941511529
",DBP-CNN,0.4
0.828339796,0.792029887,0.875710804,0.892631578,0.76345609,0.661888536,0.839326955,0.900088962,"0.8860601783930268
",DBP-CNN,0.4
0.819238901,0.804130579,0.836200448,0.846423562,0.791784702,0.639268766,0.824735223,0.895158807,"0.8776201391253192
",DBP-CNN,0.4
0.798449612,0.785046728,0.813432835,0.824684431,0.771954674,0.597558627,0.804377565,0.882239341,"0.8710417848798719
",DBP-CNN,0.4
0.809725159,0.761820331,0.880453751,0.903927068,0.714589235,0.630283263,0.826812059,0.896791775,"0.8852761636901249
",DBP-CNN,0.4
0.819238901,0.804130579,0.836200448,0.846423562,0.791784702,0.639268766,0.824735223,0.898001105,"0.8825737440470096
",DBP-CNN,0.4
0.811773,0.761904761,0.886443661,0.909473684,0.713172804,0.635367508,0.829174664,0.890665722,"0.8786712622071008
",DBP-CNN,0.4
0.812191684,0.794719471,0.832199546,0.844319775,0.779745042,0.62549029,0.818769126,0.889737434,"0.8665290596238102
",DBP-CNN,0.4
0.800563777,0.766749379,0.845024469,0.866760168,0.733711048,0.606096187,0.813693219,0.88419041,"0.8679003473878903
",DBP-CNN,0.4
0.826638478,0.81554054,0.838733431,0.846423562,0.806657223,0.653677107,0.830695113,0.905700587,"0.8947200219185949
",DBP-CNN,0.4
0.81888654,0.807692307,0.831120943,0.839410939,0.79815864,0.638191113,0.823246217,0.898284192,"0.8804137564622069
",DBP-CNN,0.4
0.827282341,0.819112627,0.83600583,0.842105263,0.812322946,0.654773243,0.830449827,0.902492421,"0.8891403394533316
",DBP-CNN,0.4
